INSERT INTO trust.user (username, account, age, alipay, avatar, birthday, brief_intro, campus_score, credit_rating, credit_score, cross_score, diploma_id, email, failed_subjects, gender, grade, id_card_number, institution, living_place, major, message, password, phone_number, platform_advice, ranking_rate, real_name, roles, school_card_image, stu_card_image, student_id, university, user_level) VALUES ('test', 99567.59999999999, null, null, null, null, null, null, 'A', 85, -1, null, null, null, null, null, null, null, null, null, null, '$2a$10$3lj/cEZUJiepqAwekmiaKe9p6X7gudLsc9jiZixB.53PStsrdS7pS', null, null, null, null, 'ROLE_PRIMARY,ROLE_SF', null, null, null, null, 'PRIMARY');
INSERT INTO trust.user (username, account, age, alipay, avatar, birthday, brief_intro, campus_score, credit_rating, credit_score, cross_score, diploma_id, email, failed_subjects, gender, grade, id_card_number, institution, living_place, major, message, password, phone_number, platform_advice, ranking_rate, real_name, roles, school_card_image, stu_card_image, student_id, university, user_level) VALUES ('cross1', 100000, null, null, null, null, null, null, 'A', 85, -1, null, null, null, null, null, null, '软院', null, null, null, '$2a$10$3lj/cEZUJiepqAwekmiaKe9p6X7gudLsc9jiZixB.53PStsrdS7pS', null, null, null, null, null, null, null, '161250001', null, null);
INSERT INTO trust.user (username, account, age, alipay, avatar, birthday, brief_intro, campus_score, credit_rating, credit_score, cross_score, diploma_id, email, failed_subjects, gender, grade, id_card_number, institution, living_place, major, message, password, phone_number, platform_advice, ranking_rate, real_name, roles, school_card_image, stu_card_image, student_id, university, user_level) VALUES ('cross2', 100000, null, null, null, null, null, null, null, null, -1, null, null, null, null, null, null, '软院', null, null, null, '$2a$10$3lj/cEZUJiepqAwekmiaKe9p6X7gudLsc9jiZixB.53PStsrdS7pS', null, null, null, null, null, null, null, '161250002', null, null);
INSERT INTO trust.user (username, account, age, alipay, avatar, birthday, brief_intro, campus_score, credit_rating, credit_score, cross_score, diploma_id, email, failed_subjects, gender, grade, id_card_number, institution, living_place, major, message, password, phone_number, platform_advice, ranking_rate, real_name, roles, school_card_image, stu_card_image, student_id, university, user_level) VALUES ('cross3', 100000, null, null, null, null, null, null, null, null, -1, null, null, null, null, null, null, '软院', null, null, null, '$2a$10$3lj/cEZUJiepqAwekmiaKe9p6X7gudLsc9jiZixB.53PStsrdS7pS', null, null, null, null, null, null, null, '161250003', null, null);
INSERT INTO trust.user (username, account, age, alipay, avatar, birthday, brief_intro, campus_score, credit_rating, credit_score, cross_score, diploma_id, email, failed_subjects, gender, grade, id_card_number, institution, living_place, major, message, password, phone_number, platform_advice, ranking_rate, real_name, roles, school_card_image, stu_card_image, student_id, university, user_level) VALUES ('cross4', 100000, null, null, null, null, null, null, null, null, -1, null, null, null, null, null, null, '软院', null, null, null, '$2a$10$3lj/cEZUJiepqAwekmiaKe9p6X7gudLsc9jiZixB.53PStsrdS7pS', null, null, null, null, null, null, null, '161250004', null, null);
INSERT INTO trust.user (username, account, age, alipay, avatar, birthday, brief_intro, campus_score, credit_rating, credit_score, cross_score, diploma_id, email, failed_subjects, gender, grade, id_card_number, institution, living_place, major, message, password, phone_number, platform_advice, ranking_rate, real_name, roles, school_card_image, stu_card_image, student_id, university, user_level) VALUES ('cross5', 100000, null, null, null, null, null, null, null, null, -1, null, null, null, null, null, null, '软院', null, null, null, '$2a$10$3lj/cEZUJiepqAwekmiaKe9p6X7gudLsc9jiZixB.53PStsrdS7pS', null, null, null, null, null, null, null, '161250005', null, null);
INSERT INTO trust.user (username, account, age, alipay, avatar, birthday, brief_intro, campus_score, credit_rating, credit_score, cross_score, diploma_id, email, failed_subjects, gender, grade, id_card_number, institution, living_place, major, message, password, phone_number, platform_advice, ranking_rate, real_name, roles, school_card_image, stu_card_image, student_id, university, user_level) VALUES ('cross6', 100000, null, null, null, null, null, null, null, null, -1, null, null, null, null, null, null, '软院', null, null, null, '$2a$10$3lj/cEZUJiepqAwekmiaKe9p6X7gudLsc9jiZixB.53PStsrdS7pS', null, null, null, null, null, null, null, '161250006', null, null);
INSERT INTO trust.user (username, account, age, alipay, avatar, birthday, brief_intro, campus_score, credit_rating, credit_score, cross_score, diploma_id, email, failed_subjects, gender, grade, id_card_number, institution, living_place, major, message, password, phone_number, platform_advice, ranking_rate, real_name, roles, school_card_image, stu_card_image, student_id, university, user_level) VALUES ('cross7', 100000, null, null, null, null, null, null, null, null, -1, null, null, null, null, null, null, '软院', null, null, null, '$2a$10$3lj/cEZUJiepqAwekmiaKe9p6X7gudLsc9jiZixB.53PStsrdS7pS', null, null, null, null, null, null, null, '161250007', null, null);
INSERT INTO trust.user (username, account, age, alipay, avatar, birthday, brief_intro, campus_score, credit_rating, credit_score, cross_score, diploma_id, email, failed_subjects, gender, grade, id_card_number, institution, living_place, major, message, password, phone_number, platform_advice, ranking_rate, real_name, roles, school_card_image, stu_card_image, student_id, university, user_level) VALUES ('cross8', 100000, null, null, null, null, null, null, null, null, -1, null, null, null, null, null, null, '软院', null, null, null, '$2a$10$3lj/cEZUJiepqAwekmiaKe9p6X7gudLsc9jiZixB.53PStsrdS7pS', null, null, null, null, null, null, null, '161250008', null, null);
INSERT INTO trust.user (username, account, age, alipay, avatar, birthday, brief_intro, campus_score, credit_rating, credit_score, cross_score, diploma_id, email, failed_subjects, gender, grade, id_card_number, institution, living_place, major, message, password, phone_number, platform_advice, ranking_rate, real_name, roles, school_card_image, stu_card_image, student_id, university, user_level) VALUES ('cross9', 100000, null, null, null, null, null, null, null, null, -1, null, null, null, null, null, null, '软院', null, null, null, '$2a$10$3lj/cEZUJiepqAwekmiaKe9p6X7gudLsc9jiZixB.53PStsrdS7pS', null, null, null, null, null, null, null, '161250009', null, null);
INSERT INTO trust.user (username, account, age, alipay, avatar, birthday, brief_intro, campus_score, credit_rating, credit_score, cross_score, diploma_id, email, failed_subjects, gender, grade, id_card_number, institution, living_place, major, message, password, phone_number, platform_advice, ranking_rate, real_name, roles, school_card_image, stu_card_image, student_id, university, user_level) VALUES ('cross10', 100000, null, null, null, null, null, null, null, null, -1, null, null, null, null, null, null, '软院', null, null, null, '$2a$10$3lj/cEZUJiepqAwekmiaKe9p6X7gudLsc9jiZixB.53PStsrdS7pS', null, null, null, null, null, null, null, '161250010', null, null);
INSERT INTO trust.user (username, account, age, alipay, avatar, birthday, brief_intro, campus_score, credit_rating, credit_score, cross_score, diploma_id, email, failed_subjects, gender, grade, id_card_number, institution, living_place, major, message, password, phone_number, platform_advice, ranking_rate, real_name, roles, school_card_image, stu_card_image, student_id, university, user_level) VALUES ('cross11', 100000, null, null, null, null, null, null, null, null, -1, null, null, null, null, null, null, '软院', null, null, null, '$2a$10$3lj/cEZUJiepqAwekmiaKe9p6X7gudLsc9jiZixB.53PStsrdS7pS', null, null, null, null, null, null, null, '161250011', null, null);
INSERT INTO trust.user (username, account, age, alipay, avatar, birthday, brief_intro, campus_score, credit_rating, credit_score, cross_score, diploma_id, email, failed_subjects, gender, grade, id_card_number, institution, living_place, major, message, password, phone_number, platform_advice, ranking_rate, real_name, roles, school_card_image, stu_card_image, student_id, university, user_level) VALUES ('admin', 100000, null, null, null, null, null, null, null, 0, null, null, null, null, null, null, null, null, null, null, null, '$2a$10$3lj/cEZUJiepqAwekmiaKe9p6X7gudLsc9jiZixB.53PStsrdS7pS', null, null, null, null, 'ROLE_ADMIN', null, null, null, null, null);
insert into user (username, password, credit_score, roles) values ('admin', '$2a$10$3lj/cEZUJiepqAwekmiaKe9p6X7gudLsc9jiZixB.53PStsrdS7pS', 0, 'ROLE_ADMIN');
INSERT INTO user (username, password, campus_score) values ('SandboxUser1', '$2a$10$tmc4CLhdzFGPFhz7eiUc9OFmfi04gmFf6gUs89kild.PIZFTrXI3u',-1);
INSERT into user (username, password, campus_score) values ('SandboxUser2', '$2a$10$3wLM9bnb3.kfGvMisZH30u9oGX5ewkyc6pMJ4BUovDj77OakQsEXK',-1);
INSERT INTO user (username, password, campus_score) values ('SandboxUser3', '$2a$10$EbYe1Cbj6zkkfpEUU6UavOOVD/8FTO3zOLvFch3N8ashSi6.14GYC',-1);


-- insert into user_month_statistics(id, income, disc, surplus, username, debt) values (1, 1000, 500, 500, 'test', 100);
-- insert into user_month_statistics(id, income, disc, surplus, username, debt) values (2, 1050, 500, 500, 'test', 100);
-- insert into user_month_statistics(id, income, disc, surplus, username, debt) values (3, 1010, 500, 500, 'test', 100);
-- insert into user_month_statistics(id, income, disc, surplus, username, debt) values (4, 900, 500, 500, 'test', 100);
-- insert into user_month_statistics(id, income, disc, surplus, username, debt) values (5, 890, 500, 500, 'test', 100);
-- insert into user_month_statistics(id, income, disc, surplus, username, debt) values (6, 1001, 500, 500, 'test', 100);
-- insert into user_month_statistics(id, income, disc, surplus, username, debt) values (7, 1023, 500, 500, 'test', 100);
-- insert into user_month_statistics(id, income, disc, surplus, username, debt) values (8, 1045, 500, 500, 'test', 100);
-- insert into user_month_statistics(id, income, disc, surplus, username, debt) values (9, 1567, 500, 500, 'test', 100);
-- insert into user_month_statistics(id, income, disc, surplus, username, debt) values (10, 1234, 500, 500, 'test', 100);
-- insert into user_month_statistics(id, income, disc, surplus, username, debt) values (11, 1111, 500, 500, 'test', 100);
-- insert into user_month_statistics(id, income, disc, surplus, username, debt) values (12, 1243, 500, 500, 'test', 100);
-- insert into user_month_statistics(id, income, disc, surplus, username, debt) values (13, 1456, 500, 500, 'test', 100);
-- insert into user_month_statistics(id, income, disc, surplus, username, debt) values (14, 1325, 500, 500, 'test', 100);
-- insert into user_month_statistics(id, income, disc, surplus, username, debt) values (15, 1456, 500, 500, 'test', 100);
-- insert into user_month_statistics(id, income, disc, surplus, username, debt) values (16, 1346, 500, 500, 'test', 100);
-- insert into user_month_statistics(id, income, disc, surplus, username, debt) values (17, 908, 500, 400, 'test', 100);
-- insert into user_month_statistics(id, income, disc, surplus, username, debt) values (18, 1432, 500, 300, 'test', 100);
-- insert into user_month_statistics(id, income, disc, surplus, username, debt) values (19, 1200, 500, 400, 'test', 100);
-- insert into user_month_statistics(id, income, disc, surplus, username, debt) values (60, 1000, 500, 501, 'test', 100);
insert into base_target(id, username, target_type, collected_money, money, project_description, start_time, target_state, target_rating, completion_rate, identity_option, use_of_funds, proof, target_rating_score, name) values(1, 'test', 'SMALL', 1440, 1800, 'target 1 description', '2018-06-10', 'IN_THE_PAYMENT', 'A', 80, 0, '鞋帽服饰', 'proof path', 0.95, '哈哈哈哈哈');
insert into small_target(id, classification) VALUES (1, 0);
INSERT INTO user_info_check_record(id, check_item, check_state, description, message, time, username) VALUES ('1', 'VOLUNTEERTIME', 'UPDATE', 'description', 'message', '2018-09-13', 'test');
INSERT INTO base_user_evidence(data_type, id, evidence, state, time, item, username) VALUES ('VOLUNTEERTIME', '1', 'evidence1', 'UPDATE', '2018-09-13', '1', 'test');
INSERT INTO base_user_evidence(data_type, id, evidence, state, time, item, username) VALUES ('VOLUNTEERTIME', '2', 'evidence2', 'ONGING', '2018-09-13', '1', 'test');
INSERT INTO volunteer_evidence(length, id) VALUES ('1', '1');
INSERT INTO volunteer_evidence(length, id) VALUES ('2', '2');
INSERT INTO unstructured_data(id, data_type, score, username) VALUES(1, 0, 100, 'test');
INSERT INTO repayment(id, difficulty, duration, interest_rate, remaining_amount, start_date, total_interest, type, target_id, username) VALUES(1, 80.0, 3, 5.55, 1800, '2018-10-08', 24.98, 'PRE_INTEREST', 1, 'test');
INSERT INTO repayment(id, difficulty, duration, interest_rate, remaining_amount, start_date, total_interest, type, target_id, username) VALUES(2, 50.0, 24, 5.85, 8000, '2018-10-25', 936, 'PRE_INTEREST', 2, 'test');
INSERT INTO repayment_record(id, time, actual_repay_date, interest, period, principal, remaining_principal, return_date, sum, username, target_id) VALUES (1, '2018-9-13', NULL, 90, 100, 100, 200, '2018-10-08', 200, 'test', 1) ;
insert into base_target(id, username, target_type, collected_money, money, project_description, start_time, target_state, target_rating, completion_rate, identity_option, use_of_funds, proof, target_rating_score) values (2, 'test', 'LARGE', 6400, 8000, 'target 2 description', '2018-06-10', 'ON_GOING', 'A', 80, 0, '托福培训', 'proof path', 0.95);
insert into large_target(id, classification) VALUES (2, 0);
INSERT INTO `user_month_statistics` VALUES (1,200,200,10000,0.3,200,50,0.2,200,'2018-07-27',100,90,0.05,500,200,100,1000,0.5,2000,1000,0.3,200,0.02,50,0,1000,0,200,200,2000,200,2000,100,100,0.1,200,1000,500,200,500,100,200,200,200,200,100,998,'test'),(2,200,200,10000,0.3,200,50,0.2,200,'2018-06-27',100,90,0.05,500,200,100,1000,0.5,2000,1000,0.3,200,0.02,50,0,1050,0,200,200,2000,200,2000,100,100,0.1,200,1000,500,200,500,100,200,200,200,200,100,998,'test'),(3,200,200,10000,0.3,200,50,0.2,200,'2018-05-27',100,90,0.05,500,200,100,1000,0.5,2000,1000,0.3,200,0.02,50,0,1010,0,200,200,2000,200,2000,100,100,0.1,200,1000,500,200,500,100,200,200,200,200,100,998,'test'),(4,200,200,10000,0.3,200,50,0.2,200,'2018-04-27',100,90,0.05,500,200,100,1000,0.5,2000,1000,0.3,200,0.02,50,0,900,0,200,200,2000,200,2000,100,100,0.1,200,1000,500,200,500,100,200,200,200,200,100,998,'test'),(5,200,200,10000,0.3,200,50,0.2,200,'2018-03-27',100,90,0.05,500,200,100,1000,0.5,2000,1000,0.3,200,0.02,50,0,890,0,200,200,2000,200,2000,100,100,0.1,200,1000,500,200,500,100,200,200,200,200,100,998,'test'),(6,200,200,10000,0.3,200,50,0.2,200,'2018-02-27',100,90,0.05,500,200,100,1000,0.5,2000,1000,0.3,200,0.02,50,0,1001,0,200,200,2000,200,2000,100,100,0.1,200,1000,500,200,500,100,200,200,200,200,100,998,'test'),(7,200,200,10000,0.3,200,50,0.2,200,'2018-01-27',100,90,0.05,500,200,100,1000,0.5,2000,1000,0.3,200,0.02,50,0,1023,0,200,200,2000,200,2000,100,100,0.1,200,1000,500,200,500,100,200,200,200,200,100,998,'test'),(8,200,200,10000,0.3,200,50,0.2,200,'2017-12-27',100,90,0.05,500,200,100,1000,0.5,2000,1000,0.3,200,0.02,50,0,1045,0,200,200,2000,200,2000,100,100,0.1,200,1000,500,200,500,100,200,200,200,200,100,998,'test'),(9,200,200,10000,0.3,200,50,0.2,200,'2017-11-27',100,90,0.05,500,200,100,1000,0.5,2000,1000,0.3,200,0.02,50,0,1567,0,200,200,2000,200,2000,100,100,0.1,200,1000,500,200,500,100,200,200,200,200,100,998,'test'),(10,200,200,10000,0.3,200,50,0.2,200,'2017-10-27',100,90,0.05,500,200,100,1000,0.5,2000,1000,0.3,200,0.02,50,0,1234,0,200,200,2000,200,2000,100,100,0.1,200,1000,500,200,500,100,200,200,200,200,100,998,'test'),(11,200,200,10000,0.3,200,50,0.2,200,'2017-09-27',100,90,0.05,500,200,100,1000,0.5,2000,1000,0.3,200,0.02,50,0,1111,0,200,200,2000,200,2000,100,100,0.1,200,1000,500,200,500,100,200,200,200,200,100,998,'test'),(12,200,200,10000,0.3,200,50,0.2,200,'2017-08-27',100,90,0.05,500,200,100,1000,0.5,2000,1000,0.3,200,0.02,50,0,1243,0,200,200,2000,200,2000,100,100,0.1,200,1000,500,200,500,100,200,200,200,200,100,998,'test'),(13,200,200,10000,0.3,200,50,0.2,200,'2017-07-27',100,90,0.05,500,200,100,1000,0.5,2000,1000,0.3,200,0.02,50,0,1456,0,200,200,2000,200,2000,100,100,0.1,200,1000,500,200,500,100,200,200,200,200,100,998,'test'),(14,200,200,10000,0.3,200,50,0.2,200,'2017-06-27',100,90,0.05,500,200,100,1000,0.5,2000,1000,0.3,200,0.02,50,0,1325,0,200,200,2000,200,2000,100,100,0.1,200,1000,500,200,500,100,200,200,200,200,100,998,'test'),(15,200,200,10000,0.3,200,50,0.2,200,'2017-05-27',100,90,0.05,500,200,100,1000,0.5,2000,1000,0.3,200,0.02,50,0,1456,0,200,200,2000,200,2000,100,100,0.1,200,1000,500,200,500,100,200,200,200,200,100,998,'test'),(16,200,200,10000,0.3,200,50,0.2,200,'2017-04-27',100,90,0.05,500,200,100,1000,0.5,2000,1000,0.3,200,0.02,50,0,1346,0,200,200,2000,200,2000,100,100,0.1,200,1000,500,200,500,100,200,200,200,200,100,998,'test'),(17,200,200,10000,0.3,200,50,0.2,200,'2017-04-27',100,90,0.05,500,200,100,1000,0.5,2000,1000,0.3,200,0.02,50,0,908,0,200,200,2000,200,2000,100,100,0.1,200,1000,500,200,400,100,200,200,200,200,100,998,'test'),(18,200,200,10000,0.3,200,50,0.2,200,'2017-03-27',100,90,0.05,500,200,100,1000,0.5,2000,1000,0.3,200,0.02,50,0,1432,0,200,200,2000,200,2000,100,100,0.1,200,1000,500,200,300,100,200,200,200,200,100,998,'test'),(19,200,200,10000,0.3,200,50,0.2,200,'2017-02-27',100,90,0.05,500,200,100,1000,0.5,2000,1000,0.3,200,0.02,50,0,1200,0,200,200,2000,200,2000,100,100,0.1,200,1000,500,200,400,100,200,200,200,200,100,998,'test'),(60,200,200,10000,0.3,200,50,0.2,200,'2017-02-27',100,90,0.05,500,200,100,1000,0.5,2000,1000,0.3,200,0.02,50,0,1000,0,200,200,2000,200,2000,100,100,0.1,200,1000,500,200,501,100,200,200,200,200,100,998,'test');

INSERT INTO `user_total_statistics` VALUES (2000,1000,20000,10000,5000,2000,20000,2000,2000,20000,1000,'test');
INSERT INTO `trust`.`base_target` (`collected_money`, `completion_rate`, `identity_option`, `money`, `name`, `project_description`, `proof`, `start_time`, `target_rating`, `target_rating_score`, `target_state`, `target_type`, `use_of_funds`, `username`) VALUES (1440, 80, 0, 1800, 'test_target', 'target 1 description', 'proof path', '2018-06-10', 'A', 0.95, 'ON_GOING', 'SMALL', '鞋帽服饰', 'test')

INSERT INTO `trust`.`small_target` (`classification`, `id`) VALUES (0, 3)
INSERT INTO `trust`.`repayment` (`difficulty`, `duration`, `interest_rate`, `remaining_amount`, `start_date`, `total_interest`, `type`, `target_id`, `username`) VALUES (70, 6, 5.33, 2000, '2018-09-10', 200, 'PRE_INTEREST', 3, 'test')


INSERT INTO trust.repayment_record (id, time, actual_repay_date, interest, period, principal, remaining_principal, return_date, sum, username, target_id) VALUES (1, '2018-09-13 00:00:00', '2018-09-10', 90, 100, 100, 200, '2018-10-08', 200, 'test', 1);
INSERT INTO trust.repayment_record (id, time, actual_repay_date, interest, period, principal, remaining_principal, return_date, sum, username, target_id) VALUES (2, '2018-12-13 00:00:00', '2018-12-10', 90, 100, 100, 200, '2018-12-13', 200, 'test', 1);
INSERT INTO trust.repayment_record (id, time, actual_repay_date, interest, period, principal, remaining_principal, return_date, sum, username, target_id) VALUES (3, '2019-01-13 00:00:00', '2018-01-10', 90, 100, 100, 200, '2019-01-13', 200, 'test', 1);
INSERT INTO trust.repayment_record (id, time, actual_repay_date, interest, period, principal, remaining_principal, return_date, sum, username, target_id) VALUES (4, '2019-02-13 00:00:00', '2018-02-10', 90, 100, 100, 200, '2019-02-13', 200, 'test', 1);
INSERT INTO trust.repayment_record (id, time, actual_repay_date, interest, period, principal, remaining_principal, return_date, sum, username, target_id) VALUES (5, '2019-03-13 00:00:00', null, 90, 100, 100, 200, '2019-03-13', 200, 'test', 1);
INSERT INTO trust.repayment_record (id, time, actual_repay_date, interest, period, principal, remaining_principal, return_date, sum, username, target_id) VALUES (6, '2019-04-13 00:00:00', null, 90, 100, 100, 200, '2019-04-13', 200, 'test', 1);
INSERT INTO trust.repayment_record (id, time, actual_repay_date, interest, period, principal, remaining_principal, return_date, sum, username, target_id) VALUES (7, '2020-05-13 00:00:00', null, 90, 100, 100, 200, '2020-05-13', 200, 'test', 1);
INSERT INTO trust.repayment_record (id, time, actual_repay_date, interest, period, principal, remaining_principal, return_date, sum, username, target_id) VALUES (8, '2021-06-13 00:00:00', null, 90, 100, 100, 200, '2021-06-13', 200, 'test', 1);
INSERT INTO trust.repayment_record (id, time, actual_repay_date, interest, period, principal, remaining_principal, return_date, sum, username, target_id) VALUES (9, '2019-05-13 00:00:00', null, 90, 100, 100, 200, '2019-05-13', 200, 'test', 1);
INSERT INTO trust.repayment_record (id, time, actual_repay_date, interest, period, principal, remaining_principal, return_date, sum, username, target_id) VALUES (10, '2019-06-13 00:00:00', null, 90, 100, 100, 200, '2019-06-13', 200, 'test', 1);
INSERT INTO trust.repayment_record (id, time, actual_repay_date, interest, period, principal, remaining_principal, return_date, sum, username, target_id) VALUES (11, '2019-08-13 00:00:00', null, 90, 100, 100, 200, '2019-08-13', 200, 'test', 1);
INSERT INTO trust.repayment_record (id, time, actual_repay_date, interest, period, principal, remaining_principal, return_date, sum, username, target_id) VALUES (12, '2019-09-13 00:00:00', null, 90, 100, 100, 200, '2019-09-13', 200, 'test', 1);
INSERT INTO trust.repayment_record (id, time, actual_repay_date, interest, period, principal, remaining_principal, return_date, sum, username, target_id) VALUES (13, '2019-10-13 00:00:00', null, 90, 100, 100, 200, '2019-10-13', 200, 'test', 1);
INSERT INTO trust.repayment_record (id, time, actual_repay_date, interest, period, principal, remaining_principal, return_date, sum, username, target_id) VALUES (14, '2019-11-13 00:00:00', null, 90, 100, 100, 200, '2019-11-13', 200, 'test', 1);
INSERT INTO trust.repayment_record (id, time, actual_repay_date, interest, period, principal, remaining_principal, return_date, sum, username, target_id) VALUES (15, '2019-12-13 00:00:00', null, 90, 100, 100, 200, '2019-12-13', 200, 'test', 1);
INSERT INTO trust.repayment_record (id, time, actual_repay_date, interest, period, principal, remaining_principal, return_date, sum, username, target_id) VALUES (16, '2020-09-13 00:00:00', null, 90, 100, 100, 200, '2020-09-13', 200, 'test', 1);
INSERT INTO trust.repayment_record (id, time, actual_repay_date, interest, period, principal, remaining_principal, return_date, sum, username, target_id) VALUES (17, '2020-01-13 00:00:00', null, 90, 100, 100, 200, '2020-01-13', 200, 'test', 1);
INSERT INTO trust.repayment_record (id, time, actual_repay_date, interest, period, principal, remaining_principal, return_date, sum, username, target_id) VALUES (18, '2020-02-13 00:00:00', null, 90, 100, 100, 200, '2020-02-13', 200, 'test', 1);
INSERT INTO trust.repayment_record (id, time, actual_repay_date, interest, period, principal, remaining_principal, return_date, sum, username, target_id) VALUES (19, '2020-02-13 00:00:00', null, 90, 100, 100, 200, '2020-02-13', 200, 'test', 2);
INSERT INTO trust.repayment_record (id, time, actual_repay_date, interest, period, principal, remaining_principal, return_date, sum, username, target_id) VALUES (20, '2020-01-13 00:00:00', null, 90, 100, 100, 200, '2020-01-13', 200, 'test', 2);
INSERT INTO trust.repayment_record (id, time, actual_repay_date, interest, period, principal, remaining_principal, return_date, sum, username, target_id) VALUES (21, '2018-09-13 00:00:00', null, 90, 100, 100, 200, '2018-10-08', 200, 'test', 2);
INSERT INTO trust.repayment_record (id, time, actual_repay_date, interest, period, principal, remaining_principal, return_date, sum, username, target_id) VALUES (22, '2018-12-13 00:00:00', null, 90, 100, 100, 200, '2018-12-13', 200, 'test', 2);
INSERT INTO trust.repayment_record (id, time, actual_repay_date, interest, period, principal, remaining_principal, return_date, sum, username, target_id) VALUES (23, '2019-01-13 00:00:00', null, 90, 100, 100, 200, '2019-01-13', 200, 'test', 2);
INSERT INTO trust.repayment_record (id, time, actual_repay_date, interest, period, principal, remaining_principal, return_date, sum, username, target_id) VALUES (24, '2019-02-13 00:00:00', null, 90, 100, 100, 200, '2019-02-13', 200, 'test', 2);
INSERT INTO trust.repayment_record (id, time, actual_repay_date, interest, period, principal, remaining_principal, return_date, sum, username, target_id) VALUES (25, '2019-03-13 00:00:00', null, 90, 100, 100, 200, '2019-03-13', 200, 'test', 2);
INSERT INTO trust.repayment_record (id, time, actual_repay_date, interest, period, principal, remaining_principal, return_date, sum, username, target_id) VALUES (26, '2019-04-13 00:00:00', null, 90, 100, 100, 200, '2019-04-13', 200, 'test', 2);
INSERT INTO trust.repayment_record (id, time, actual_repay_date, interest, period, principal, remaining_principal, return_date, sum, username, target_id) VALUES (27, '2021-06-13 00:00:00', null, 90, 100, 100, 200, '2021-06-13', 200, 'test', 2);
INSERT INTO trust.repayment_record (id, time, actual_repay_date, interest, period, principal, remaining_principal, return_date, sum, username, target_id) VALUES (28, '2020-05-13 00:00:00', null, 90, 100, 100, 200, '2020-05-13', 200, 'test', 2);
INSERT INTO trust.repayment_record (id, time, actual_repay_date, interest, period, principal, remaining_principal, return_date, sum, username, target_id) VALUES (29, '2019-05-13 00:00:00', null, 90, 100, 100, 200, '2019-05-13', 200, 'test', 2);
INSERT INTO trust.repayment_record (id, time, actual_repay_date, interest, period, principal, remaining_principal, return_date, sum, username, target_id) VALUES (30, '2019-06-13 00:00:00', null, 90, 100, 100, 200, '2019-06-13', 200, 'test', 2);
INSERT INTO trust.repayment_record (id, time, actual_repay_date, interest, period, principal, remaining_principal, return_date, sum, username, target_id) VALUES (31, '2019-08-13 00:00:00', null, 90, 100, 100, 200, '2019-08-13', 200, 'test', 2);
INSERT INTO trust.repayment_record (id, time, actual_repay_date, interest, period, principal, remaining_principal, return_date, sum, username, target_id) VALUES (32, '2019-09-13 00:00:00', null, 90, 100, 100, 200, '2019-09-13', 200, 'test', 2);
INSERT INTO trust.repayment_record (id, time, actual_repay_date, interest, period, principal, remaining_principal, return_date, sum, username, target_id) VALUES (33, '2020-02-13 00:00:00', null, 90, 100, 100, 200, '2020-02-13', 200, 'test', 2);
INSERT INTO trust.repayment_record (id, time, actual_repay_date, interest, period, principal, remaining_principal, return_date, sum, username, target_id) VALUES (34, '2020-01-13 00:00:00', null, 90, 100, 100, 200, '2020-01-13', 200, 'test', 3);
INSERT INTO trust.repayment_record (id, time, actual_repay_date, interest, period, principal, remaining_principal, return_date, sum, username, target_id) VALUES (35, '2018-12-13 00:00:00', '2018-01-10', 90, 100, 100, 200, '2018-12-13', 200, 'test', 3);
INSERT INTO trust.repayment_record (id, time, actual_repay_date, interest, period, principal, remaining_principal, return_date, sum, username, target_id) VALUES (36, '2018-09-13 00:00:00', '2018-11-01', 90, 100, 100, 200, '2018-10-08', 200, 'test', 3);
INSERT INTO trust.repayment_record (id, time, actual_repay_date, interest, period, principal, remaining_principal, return_date, sum, username, target_id) VALUES (37, '2019-01-13 00:00:00', '2018-12-10', 90, 100, 100, 200, '2019-01-13', 200, 'test', 3);
INSERT INTO trust.repayment_record (id, time, actual_repay_date, interest, period, principal, remaining_principal, return_date, sum, username, target_id) VALUES (38, '2019-02-13 00:00:00', '2018-12-12', 90, 100, 100, 200, '2019-02-13', 200, 'test', 3);
INSERT INTO trust.repayment_record (id, time, actual_repay_date, interest, period, principal, remaining_principal, return_date, sum, username, target_id) VALUES (40, '2019-04-13 00:00:00', '1029-01-10', 90, 100, 100, 200, '2019-04-13', 200, 'test', 3);
INSERT INTO trust.repayment_record (id, time, actual_repay_date, interest, period, principal, remaining_principal, return_date, sum, username, target_id) VALUES (41, '2021-06-13 00:00:00', null, 90, 100, 100, 200, '2021-06-13', 200, 'test', 3);
INSERT INTO trust.repayment_record (id, time, actual_repay_date, interest, period, principal, remaining_principal, return_date, sum, username, target_id) VALUES (42, '2020-05-13 00:00:00', null, 90, 100, 100, 200, '2020-05-13', 200, 'test', 3);
INSERT INTO trust.repayment_record (id, time, actual_repay_date, interest, period, principal, remaining_principal, return_date, sum, username, target_id) VALUES (43, '2019-05-13 00:00:00', null, 90, 100, 100, 200, '2019-05-13', 200, 'test', 3);
INSERT INTO trust.repayment_record (id, time, actual_repay_date, interest, period, principal, remaining_principal, return_date, sum, username, target_id) VALUES (45, '2019-08-13 00:00:00', null, 90, 100, 100, 200, '2019-08-13', 200, 'test', 3);
INSERT INTO trust.repayment_record (id, time, actual_repay_date, interest, period, principal, remaining_principal, return_date, sum, username, target_id) VALUES (46, '2019-09-13 00:00:00', null, 90, 100, 100, 200, '2019-09-13', 200, 'test', 3);
INSERT INTO trust.repayment_record (id, time, actual_repay_date, interest, period, principal, remaining_principal, return_date, sum, username, target_id) VALUES (47, '2020-02-13 00:00:00', null, 90, 100, 100, 200, '2020-02-13', 200, 'test', 3);